Metabolite,e19243a_to_025_11_MG_C13_17min_R3.cdf,e19243a_to_026_09_MG_C13_17min_R1.cdf,e19243a_to_027_19_MG_C13_20min_R3.cdf,e19243a_to_028_10_MG_C13_17min_R2.cdf,e19243a_to_029_28_C13_2min_R4.cdf,e19243a_to_030_35_C13_5min_R3.cdf,e19243a_to_031_36_C13_5min_R4.cdf,e19243a_to_032_34_C13_5min_R2.cdf,e19243a_to_033_33_C13_5min_R1.cdf,e19243a_to_034_20_MG_C13_20min_R4.cdf,e19243a_to_035_12_MG_C13_17min_R4.cdf,e19243a_to_036_26_C13_2min_R2.cdf,e19243a_to_037_25_C13_2min_R1.cdf,e19243a_to_038_27_C13_2min_R3.cdf,e19243a_to_039_17_MG_C13_20min_R1.cdf,e19243a_to_040_18_MG_C13_20min_R2.cdf,e19243a_to_044_03_MG_C12_15min_R3.cdf,e19243a_to_045_29_C12_5min_R1.cdf,e19243a_to_046_16_MG_C12_20min_R4.cdf,e19243a_to_047_08_MG_C12_17min_R4.cdf,e19243a_to_048_13_MG_C12_20min_R1.cdf,e19243a_to_049_14_MG_C12_20min_R2.cdf,e19243a_to_050_06_MG_C12_17min_R2.cdf,e19243a_to_051_07_MG_C12_17min_R3.cdf,e19243a_to_052_04_MG_C12_15min_R4.cdf,e19243a_to_053_23_C12_2min_R3.cdf,e19243a_to_054_15_MG_C12_20min_R3.cdf,e19243a_to_055_01_MG_C12_15min_R1.cdf,e19243a_to_056_22_C12_2min_R2.cdf,e19243a_to_057_02_MG_C12_15min_R2.cdf,e19243a_to_058_30_C12_5min_R2.cdf,e19243a_to_059_05_MG_C12_17min_R1.cdf,e19243a_to_060_21_C12_2min_R1.cdf,e19243a_to_061_32_C12_5min_R4.cdf,e19243a_to_062_31_C12_5min_R3.cdf,e19243a_to_063_24_C12_2min_R4.cdf,QuantMasses
Pyruvic acid_(1MEOX)(1TMS)_MP_RI:1045_IDENT:A+D,846903.0,884039.0,778783.0,981206.0,2146107.0,1542454.0,1416898.0,1391450.0,1364494.0,585396.0,875064.0,3237009.0,3608382.0,3628296.0,861131.0,1023168.0,2339014.0,1878412.0,1048165.0,1095646.0,1503116.0,1549713.0,1501888.0,1214413.0,1925392.0,2874569.0,964115.0,2364313.0,3775931.0,1414444.0,2249660.0,904288.0,2124524.0,1676140.0,1635045.0,2540777.0,174.0 175.0 176.0 177.0 178.0 
Lactic acid_(2TMS)_MP_RI:1055_IDENT:B+C,2555783.0,3013987.0,2088784.0,3159171.0,1.3433664E7,6414372.0,5281366.0,5645321.0,5253389.0,2177412.0,2799880.0,2.1840829E7,2.1843578E7,2.3862589E7,2474888.0,2920042.0,7929135.0,6433712.0,3190524.0,4322868.0,3906322.0,4477576.0,5778577.0,5719773.0,6367118.0,1.6612229E7,2969119.0,9177488.0,2.2201416E7,6966330.0,9276586.0,3238028.0,1.1239208E7,7394129.0,8943689.0,1.6585189E7,219.0 220.0 221.0 222.0 223.0 224.0 
Serine_(2TMS)_BP_RI:1260_IDENT:C+D,4168267.0,2498933.0,4210041.0,9271027.0,1.8253416E7,1.2278368E7,1.6935185E7,8690598.0,7951393.0,1.3189019E7,7390030.0,9504395.0,9568767.0,9634846.0,1.1121101E7,1.1503083E7,3.6730686E7,2.2480834E7,1.6455744E7,2.8456933E7,3.7099647E7,8.6140921E7,4.26331E7,2.7616621E7,2.5593235E7,4.6971083E7,6.2949015E7,6.0615931E7,3.2186011E7,2.1223862E7,2.5479876E7,1.6662981E7,1.5773686E7,1.8273388E7,1.2498448E7,1.148563E7,116.0 117.0 118.0 119.0 120.0 
Glycerol_(3TMS)_MP_RI:1280_IDENT:C+D,9328927.0,1.0428771E7,1.5735701E7,1.1048611E7,1.378089E7,1.6093936E7,1.6160897E7,1.586344E7,1.6040577E7,1.2109763E7,1.1363791E7,1.6835811E7,1.9385889E7,1.9378869E7,1.6586058E7,5521170.0,2.7969575E7,1340877.0,950216.0,3070674.0,796012.0,NA,9401864.0,5405527.0,2.5036626E7,6091978.0,2673342.0,9333849.0,3576477.0,3.1397552E7,1.1962415E7,6462344.0,3273707.0,7345833.0,7808112.0,7319838.0,218.0 219.0 220.0 221.0 222.0 
Glycine_(3TMS)_MP_RI:1314_IDENT:A+C,5525381.0,6185917.0,5637291.0,3333754.0,7120797.0,7304499.0,7135555.0,6238461.0,4920350.0,4444349.0,3224802.0,4275181.0,5155786.0,5822984.0,5642803.0,7981210.0,6716787.0,541261.0,255194.0,274933.0,235418.0,42688.0,234044.0,63904.0,750546.0,1184414.0,974008.0,296491.0,297348.0,3294574.0,5806489.0,1330166.0,4144708.0,4871197.0,5027376.0,4630842.0,276.0 277.0 278.0 
Succinic acid 249_(2TMS)_MP_RI:1327_IDENT:A+D,228971.0,324719.0,244195.0,NA,935951.0,458180.0,453647.0,543614.0,399604.0,981915.0,781400.0,910477.0,799734.0,983249.0,484830.0,651472.0,321252.0,483354.0,225138.0,255223.0,319218.0,478203.0,253755.0,241153.0,314721.0,477883.0,325766.0,281633.0,516841.0,779988.0,840972.0,476924.0,759438.0,98568.0,881584.0,1032015.0,247.0 248.0 249.0 250.0 251.0 252.0 
Fumaric acid 247_(2TMS)_MP_RI:1366_IDENT:A+C,2362569.0,2575594.0,2064414.0,2300587.0,2735263.0,2741586.0,3012319.0,2636243.0,3139012.0,2289615.0,2055588.0,4085828.0,3538832.0,3473337.0,3045414.0,2588336.0,2365793.0,2327402.0,2370408.0,2598371.0,2701130.0,3551315.0,3680705.0,2308444.0,2969384.0,4000702.0,3837103.0,3692469.0,4559278.0,2973190.0,4723208.0,2500295.0,2743388.0,2738416.0,2727205.0,2337665.0,245.0 246.0 247.0 248.0 249.0 250.0 
Serine_(3TMS)_MP_RI:1373_IDENT:C+D,2.5421605E7,3.2136664E7,5.7229286E7,1.907347E7,2.0996767E7,5.6333828E7,5.9662111E7,6.1784114E7,7.7944243E7,5.1521647E7,3.5077033E7,3.5155357E7,4.0705717E7,4.7571897E7,7.7460093E7,7.8877401E7,292154.0,NA,NA,NA,NA,NA,NA,NA,NA,3416653.0,1.6650902E7,2596452.0,1.3894847E7,2.8780476E7,6.3249936E7,3.051252E7,3.1383158E7,6.2223429E7,6.1707529E7,4.322014E7,204.0 205.0 206.0 207.0 208.0 
Alanine_(3TMS)_MP_RI:1367_IDENT:B+C,NA,NA,1.3393377E7,NA,1.1532796E7,1.6728552E7,1.7577171E7,1.7789814E7,2.1391805E7,NA,8445687.0,2.0932132E7,2.1312883E7,2.3371667E7,1.8696569E7,1.9242978E7,1104454.0,3419809.0,NA,NA,NA,NA,NA,NA,NA,5315033.0,3715393.0,230665.0,5884901.0,7122004.0,2.0983018E7,NA,1.6229863E7,1.8443397E7,1.9730725E7,1.7179614E7,188.0 189.0 190.0 191.0 
Aspartic acid_(2TMS)_BP_RI:1433_IDENT:A+C,1664532.0,1302439.0,1151549.0,775296.0,102887.0,1432303.0,415676.0,857125.0,325052.0,437946.0,568810.0,685045.0,859706.0,1033435.0,268331.0,1377298.0,1436900.0,NA,106825.0,94809.0,604641.0,792558.0,281769.0,166971.0,426607.0,1580541.0,645629.0,509550.0,538794.0,171563.0,244772.0,131995.0,147626.0,154378.0,100618.0,103117.0,245.0 246.0 247.0 248.0 249.0 250.0 251.0 
Alanine_ beta-_(3TMS)_MP_RI:1435_IDENT:A+D,97813.0,86943.0,136534.0,49480.0,66561.0,98430.0,93784.0,69738.0,126325.0,71917.0,48459.0,56564.0,52131.0,68248.0,92255.0,83801.0,95264.0,49963.0,23036.0,19984.0,30840.0,39329.0,24115.0,15375.0,48467.0,124417.0,119520.0,103927.0,144135.0,63134.0,78472.0,151535.0,69193.0,71623.0,85706.0,62248.0,188.0 189.0 190.0 191.0 
Malic acid 247_(3TMS)_MP_RI:1487_IDENT:B+D,1927880.0,1999181.0,1484002.0,1652436.0,1968960.0,2136322.0,2121590.0,1859571.0,2435300.0,1821340.0,1755113.0,3055656.0,2702296.0,2772899.0,2406812.0,1694646.0,2129419.0,2662677.0,2284214.0,2536388.0,2343641.0,2809856.0,3219789.0,2214857.0,2806113.0,3792676.0,3767077.0,3548082.0,4379590.0,2210662.0,3864429.0,2042943.0,2066252.0,1923653.0,2125036.0,1788780.0,245.0 246.0 247.0 248.0 249.0 250.0 251.0 
Aspartic acid_(3TMS)_MP_RI:1517_IDENT:A+C,3435201.0,3437097.0,2315924.0,4554897.0,9083035.0,6130076.0,6053666.0,5580832.0,4671679.0,6696054.0,7188358.0,8523818.0,9478782.0,1.0275729E7,7570508.0,7011843.0,625501.0,NA,NA,NA,NA,NA,NA,NA,NA,4124258.0,3783279.0,1859078.0,6780894.0,3044906.0,8593711.0,6619718.0,8352726.0,7425615.0,8987323.0,9495549.0,218.0 219.0 220.0 221.0 222.0 
Glutamic acid_(2TMS)_BP_RI:1533_IDENT:A+B,289180.0,237317.0,383121.0,651114.0,418611.0,513989.0,785002.0,195626.0,125460.0,126604.0,121798.0,112640.0,132769.0,392281.0,95419.0,107851.0,511928.0,NA,NA,NA,NA,NA,NA,NA,198549.0,1703523.0,728389.0,718416.0,603449.0,164365.0,348892.0,1033856.0,634198.0,251710.0,112837.0,577247.0,276.0 277.0 278.0 279.0 280.0 281.0 282.0 283.0 
Serine_(4TMS)_BP_RI:1571_IDENT:C+D,212641.0,307596.0,684840.0,369319.0,341874.0,829897.0,877102.0,1126973.0,1122858.0,440975.0,366480.0,577464.0,645548.0,573375.0,782974.0,755265.0,973534.0,1014197.0,433165.0,205339.0,677356.0,684313.0,389461.0,NA,396036.0,525062.0,834097.0,523194.0,468807.0,1179072.0,1418486.0,373897.0,685813.0,1654386.0,1451147.0,766954.0,290.0 291.0 292.0 293.0 294.0 295.0 
Glutaric acid_ 2-hydroxy-_(3TMS)_MP_RI:1577_IDENT:A+D,289498.0,250764.0,207419.0,173096.0,219932.0,236839.0,240853.0,152871.0,210105.0,254846.0,203795.0,213913.0,234779.0,237128.0,296783.0,230236.0,232369.0,280183.0,247995.0,286850.0,279649.0,311818.0,390815.0,289958.0,267058.0,341157.0,324064.0,274262.0,344710.0,249149.0,386246.0,252298.0,228014.0,255448.0,233586.0,249607.0,247.0 248.0 249.0 250.0 251.0 252.0 
Glutaric acid_ 2-oxo- 200_(1MEOX)(2TMS)_MP_RI:1579_IDENT:B+C,1619121.0,1156015.0,1095402.0,929090.0,1099785.0,1189034.0,1408165.0,1157996.0,1267743.0,1305995.0,983231.0,1401631.0,1461776.0,1560816.0,1359446.0,1213223.0,1208107.0,1993161.0,1919047.0,1425780.0,1851109.0,3046515.0,2054985.0,1632959.0,1486245.0,2222275.0,1664108.0,2097765.0,2229151.0,1301195.0,2862603.0,1822206.0,1263559.0,1949490.0,1656283.0,1720151.0,198.0 199.0 200.0 201.0 202.0 203.0 204.0 205.0 
Phosphoenolpyruvic acid_(3TMS)_MP_RI:1598_IDENT:A+D,5291806.0,928906.0,294520.0,97206.0,NA,201798.0,180067.0,163795.0,185548.0,117568.0,96022.0,98580.0,68735.0,117040.0,129092.0,78523.0,141769.0,121972.0,112833.0,146823.0,141435.0,156963.0,152683.0,77307.0,126728.0,146807.0,135060.0,106557.0,121101.0,91839.0,191187.0,102769.0,53423.0,119181.0,98785.0,120200.0,369.0 370.0 371.0 372.0 373.0 374.0 
Glutamic acid_(3TMS)_MP_RI:1620_IDENT:A+B,6.3193108E7,4.0297902E7,2.533694E7,1.2943869E7,5.8267975E7,3.4697259E7,3.7709494E7,8358274.0,2.1821224E7,6.6798013E7,3.2235949E7,1.4465465E7,1.5533354E7,2.556466E7,4.2692566E7,3.6559384E7,206563.0,NA,NA,NA,NA,NA,NA,NA,NA,1727169.0,506584.0,477052.0,971188.0,243305.0,670701.0,3686470.0,3053699.0,805133.0,622139.0,6186158.0,246.0 247.0 248.0 249.0 250.0 251.0 252.0 253.0 
Dihydroxyacetone phosphate_(1MEOX)(3TMS)_MP_RI:1739_IDENT:A+B,NA,NA,155257.0,NA,NA,NA,NA,NA,NA,NA,NA,NA,NA,NA,NA,NA,NA,NA,NA,NA,NA,NA,NA,NA,NA,NA,NA,NA,NA,NA,NA,46903.0,32904.0,NA,NA,NA,400.0 401.0 402.0 403.0 404.0 405.0 
Dihydroxyacetone phosphate_(1MEOX)(3TMS)_BP_RI:1751_IDENT:A+B,NA,NA,NA,NA,NA,NA,NA,NA,NA,NA,NA,NA,NA,NA,NA,NA,31137.0,NA,NA,NA,NA,NA,NA,NA,31460.0,70781.0,NA,30645.0,57884.0,7815.0,36154.0,40714.0,NA,54254.0,20369.0,NA,400.0 401.0 402.0 403.0 404.0 405.0 
Glycerol-3-phosphate_(4TMS)_MP_RI:1756_IDENT:B+C,367509.0,440134.0,428926.0,353330.0,441560.0,376472.0,458478.0,419488.0,519562.0,473281.0,566859.0,558441.0,527390.0,557670.0,550800.0,464431.0,1015862.0,90579.0,22372.0,22709.0,25681.0,266879.0,244758.0,15909.0,322120.0,839812.0,771319.0,662584.0,1725443.0,657764.0,807971.0,771065.0,854667.0,1055117.0,866357.0,1128239.0,357.0 358.0 359.0 360.0 361.0 
Glutamine_(3TMS)_MP_RI:1770_IDENT:C+D,1817154.0,844493.0,777647.0,935898.0,766847.0,NA,3479312.0,1683938.0,2094977.0,1.3577234E7,1086875.0,1082416.0,939539.0,1268957.0,1176643.0,1.7139285E7,NA,NA,NA,NA,NA,176088.0,190158.0,NA,233650.0,689620.0,637879.0,429720.0,1183044.0,626035.0,1601629.0,1505302.0,1534275.0,1797882.0,1392465.0,1429923.0,156.0 157.0 158.0 159.0 160.0 161.0 162.0 163.0 
Glutamic acid_ N-acetyl-_(2TMS)_MP_RI:1781_IDENT:B+C,154110.0,111369.0,152116.0,87225.0,89136.0,74495.0,157424.0,233059.0,190218.0,144079.0,NA,136744.0,NA,130337.0,NA,177273.0,NA,NA,NA,NA,NA,NA,NA,NA,NA,NA,NA,NA,NA,NA,NA,NA,NA,96510.0,73696.0,NA,276.0 277.0 278.0 279.0 280.0 281.0 282.0 283.0 
Glyceric acid-3-phosphate_(4TMS)_MP_RI:1802_IDENT:B+D,1560483.0,434359.0,221454.0,124999.0,90270.0,NA,72907.0,52907.0,67998.0,NA,NA,NA,NA,NA,NA,NA,NA,NA,NA,NA,NA,NA,NA,23367.0,NA,NA,NA,NA,NA,47272.0,94137.0,NA,NA,102410.0,65286.0,82262.0,357.0 358.0 359.0 360.0 361.0 
Citric acid 275_(4TMS)_MP_RI:1814_IDENT:B+D,4012686.0,3193681.0,2083283.0,2071927.0,8007418.0,NA,5308983.0,4441158.0,6671182.0,2207651.0,2124610.0,8695416.0,1.0182245E7,1.1350986E7,NA,3177971.0,473027.0,102794.0,53074.0,40141.0,57992.0,84235.0,195508.0,60836.0,719395.0,8912664.0,1560099.0,1474330.0,1.0648136E7,1367415.0,6437267.0,2576076.0,8931364.0,5471943.0,5657342.0,8477204.0,273.0 274.0 275.0 276.0 277.0 278.0 279.0 
Fructose_(1MEOX)(5TMS)_MP_RI:1862_IDENT:B+C,5266823.0,5471057.0,8515768.0,6722495.0,1.6992803E7,8016605.0,1.489656E7,1.5191083E7,1.811216E7,8200068.0,8251613.0,2.3787991E7,2.4976732E7,2.8525827E7,1.514613604E9,9072363.0,1.5516403E7,4.1835712E7,1.9577364E7,1.3221681E7,4.861007E7,5.657339E7,2.5303751E7,2.1430181E7,2.7862696E7,3.6442958E7,2.587049E7,3.247367E7,4.668137E7,1.0992567E7,2.0075642E7,1.0626418E7,2.2280547E7,3.4505237E7,3.1872454E7,2.8204258E7,217.0 218.0 219.0 220.0 221.0 
Fructose_(1MEOX)(5TMS)_BP_RI:1872_IDENT:B+C,8848025.0,8142950.0,1.5754886E7,1.1015612E7,1.5906637E7,3521005.0,1.4899209E7,1.4957267E7,1.5648891E7,1.0797475E7,1.1416501E7,3.0026574E7,4.6855628E7,6.7380204E7,5.72356435E8,1.5058863E7,8.4482957E7,1.192365E7,2.3786459E7,8872847.0,1.0164501E7,3.2553451E7,3.255392E7,1.0668121E7,2.6957607E7,1.560448E7,9788817.0,3.9316769E7,1.3674769E7,2316620.0,5035199.0,3385338.0,1.4592671E7,9347176.0,9071740.0,7452868.0,217.0 218.0 219.0 220.0 221.0 
Sorbitol_(6TMS)_MP_RI:1926_IDENT:A+D,4.6415081E7,6.7527472E7,9.0153748E7,9.0086537E7,8.4131419E7,NA,1.03581586E8,1.05988369E8,1.12948374E8,9.1286244E7,8.9107336E7,1.03665628E8,1.03313366E8,9.0711367E7,NA,8.6664915E7,NA,NA,2.6190786E7,8.6468098E7,NA,NA,NA,NA,NA,1.02557187E8,NA,9.9881004E7,1.21906024E8,8.650025E7,1.19368507E8,NA,NA,NA,NA,NA,217.0 218.0 219.0 220.0 221.0 
Fructose-1-phosphate_(1MEOX)(6TMS)_MP_RI:2291_IDENT:B+D,1983465.0,3160763.0,9446622.0,1511888.0,7332290.0,4944783.0,3962184.0,7516389.0,1.2999618E7,3017295.0,2852432.0,5844317.0,3910897.0,988537.0,1.262079E7,4733871.0,404005.0,2168777.0,753689.0,NA,3006707.0,2906677.0,NA,NA,626491.0,762663.0,2629151.0,2683981.0,2667619.0,1470995.0,8947821.0,5128763.0,2726839.0,3824607.0,4142717.0,7516081.0,217.0 218.0 219.0 220.0 221.0 222.0 
Fructose-6-phosphate_(1MEOX)(6TMS)_MP_RI:2302_IDENT:A+C,2528366.0,3650251.0,5335010.0,1237719.0,5452931.0,2029838.0,2109325.0,6467424.0,6557103.0,1848780.0,2081888.0,4057799.0,2824122.0,443121.0,6225695.0,1911112.0,NA,NA,NA,1075432.0,NA,652466.0,88323.0,2427674.0,NA,496639.0,1599479.0,759353.0,1452297.0,940354.0,4109972.0,5377173.0,2184731.0,2491902.0,1774547.0,5798026.0,217.0 218.0 219.0 220.0 221.0 222.0 
Glucose-1/6-phosphate_(1MEOX)(6TMS)_MP_RI:2316_IDENT:C+D/A+B,3222163.0,6233751.0,1.0235055E7,2730882.0,1.2745528E7,5833133.0,4392777.0,1.4366732E7,1.4016545E7,5333712.0,3451459.0,7844606.0,5923217.0,2800601.0,1.5801389E7,4539251.0,884034.0,2635067.0,1284712.0,2277809.0,2416068.0,3107944.0,238927.0,812049.0,1542501.0,4338114.0,3301391.0,2644475.0,3549752.0,5069932.0,5185798.0,9754209.0,2570231.0,6064373.0,3885244.0,1.2229955E7,217.0 218.0 219.0 220.0 221.0 222.0 
Gluconic acid-6-phosphate_(7TMS)_MP_RI:2426_IDENT:A+D,754617.0,6612936.0,7951265.0,371153.0,1.1091963E7,407798.0,301897.0,6442982.0,1.0783225E7,375792.0,1635301.0,3200286.0,404411.0,358844.0,1.0263838E7,448636.0,351644.0,307923.0,489892.0,346631.0,488230.0,499316.0,711362.0,1566809.0,1358363.0,1038687.0,450099.0,174584.0,315407.0,1744123.0,2230054.0,5305503.0,917429.0,2433459.0,2920770.0,1.4311168E7,217.0 218.0 219.0 220.0 221.0 222.0 
Sucrose_(8TMS)_MP_RI:2632_IDENT:A+C,348886.0,944428.0,3845639.0,793307.0,2652349.0,352812.0,384567.0,486102.0,2.9269669E7,2816661.0,637846.0,539884.0,442916.0,494499.0,4941925.0,445641.0,NA,1147893.0,468796.0,387835.0,1267766.0,420571.0,853706.0,203578.0,557956.0,1016683.0,1558223.0,295071.0,627867.0,1229970.0,908442.0,1857833.0,509853.0,275876.0,1415259.0,6209018.0,217.0 218.0 219.0 220.0 221.0 
Fructose-1_6-diphosphate_(1MEOX)(7TMS)_MP_RI:2705_IDENT:B+C,4750611.0,4523196.0,2.7252681E7,240774.0,NA,NA,NA,NA,NA,NA,475402.0,499154.0,NA,604838.0,NA,NA,6387989.0,4545088.0,NA,NA,4986423.0,4524914.0,4089280.0,NA,NA,2930748.0,1538614.0,2689078.0,NA,NA,NA,NA,NA,1672800.0,NA,NA,217.0 218.0 219.0 220.0 221.0 222.0 
Succinic acid 251_(2TMS)_MP_RI:1327_IDENT:A+D,228971.0,324719.0,244195.0,NA,935951.0,458180.0,453647.0,543614.0,399604.0,981915.0,781400.0,910477.0,799734.0,983249.0,484830.0,651472.0,321252.0,483354.0,225138.0,255223.0,319218.0,478203.0,253755.0,241153.0,314721.0,477883.0,325766.0,281633.0,516841.0,779988.0,840972.0,476924.0,759438.0,98568.0,881584.0,1032015.0,247.0 248.0 249.0 250.0 251.0 252.0 
Fumaric acid 249_(2TMS)_MP_RI:1366_IDENT:A+C,2362569.0,2575594.0,2064414.0,2300587.0,2735263.0,2741586.0,3012319.0,2636243.0,3139012.0,2289615.0,2055588.0,4085828.0,3538832.0,3473337.0,3045414.0,2588336.0,2365793.0,2327402.0,2370408.0,2598371.0,2701130.0,3551315.0,3680705.0,2308444.0,2969384.0,4000702.0,3837103.0,3692469.0,4559278.0,2973190.0,4723208.0,2500295.0,2743388.0,2738416.0,2727205.0,2337665.0,245.0 246.0 247.0 248.0 249.0 250.0 
Malic acid 248_(3TMS)_MP_RI:1487_IDENT:B+D,1927880.0,1999181.0,1484002.0,1652436.0,1968960.0,2136322.0,2121590.0,1859571.0,2435300.0,1821340.0,1755113.0,3055656.0,2702296.0,2772899.0,2406812.0,1694646.0,2129419.0,2662677.0,2284214.0,2536388.0,2343641.0,2809856.0,3219789.0,2214857.0,2806113.0,3792676.0,3767077.0,3548082.0,4379590.0,2210662.0,3864429.0,2042943.0,2066252.0,1923653.0,2125036.0,1788780.0,245.0 246.0 247.0 248.0 249.0 250.0 251.0 
Malic acid 249_(3TMS)_MP_RI:1487_IDENT:B+D,1927880.0,1999181.0,1484002.0,1652436.0,1968960.0,2136322.0,2121590.0,1859571.0,2435300.0,1821340.0,1755113.0,3055656.0,2702296.0,2772899.0,2406812.0,1694646.0,2129419.0,2662677.0,2284214.0,2536388.0,2343641.0,2809856.0,3219789.0,2214857.0,2806113.0,3792676.0,3767077.0,3548082.0,4379590.0,2210662.0,3864429.0,2042943.0,2066252.0,1923653.0,2125036.0,1788780.0,245.0 246.0 247.0 248.0 249.0 250.0 251.0 
Glutaric acid_ 2-oxo- 203_(1MEOX)(2TMS)_MP_RI:1579_IDENT:B+C,1619121.0,1156015.0,1095402.0,929090.0,1099785.0,1189034.0,1408165.0,1157996.0,1267743.0,1305995.0,983231.0,1401631.0,1461776.0,1560816.0,1359446.0,1213223.0,1208107.0,1993161.0,1919047.0,1425780.0,1851109.0,3046515.0,2054985.0,1632959.0,1486245.0,2222275.0,1664108.0,2097765.0,2229151.0,1301195.0,2862603.0,1822206.0,1263559.0,1949490.0,1656283.0,1720151.0,198.0 199.0 200.0 201.0 202.0 203.0 204.0 205.0 
Glutaric acid_ 2-oxo- 290_(1MEOX)(2TMS)_MP_RI:1579_IDENT:B+C,1619121.0,1156015.0,1095402.0,929090.0,1099785.0,1189034.0,1408165.0,1157996.0,1267743.0,1305995.0,983231.0,1401631.0,1461776.0,1560816.0,1359446.0,1213223.0,1208107.0,1993161.0,1919047.0,1425780.0,1851109.0,3046515.0,2054985.0,1632959.0,1486245.0,2222275.0,1664108.0,2097765.0,2229151.0,1301195.0,2862603.0,1822206.0,1263559.0,1949490.0,1656283.0,1720151.0,198.0 199.0 200.0 201.0 202.0 203.0 204.0 205.0 
Glutaric acid_ 2-oxo- 293_(1MEOX)(2TMS)_MP_RI:1579_IDENT:B+C,1619121.0,1156015.0,1095402.0,929090.0,1099785.0,1189034.0,1408165.0,1157996.0,1267743.0,1305995.0,983231.0,1401631.0,1461776.0,1560816.0,1359446.0,1213223.0,1208107.0,1993161.0,1919047.0,1425780.0,1851109.0,3046515.0,2054985.0,1632959.0,1486245.0,2222275.0,1664108.0,2097765.0,2229151.0,1301195.0,2862603.0,1822206.0,1263559.0,1949490.0,1656283.0,1720151.0,198.0 199.0 200.0 201.0 202.0 203.0 204.0 205.0 
Citric acid 276_(4TMS)_MP_RI:1814_IDENT:B+D,4012686.0,3193681.0,2083283.0,2071927.0,8007418.0,NA,5308983.0,4441158.0,6671182.0,2207651.0,2124610.0,8695416.0,1.0182245E7,1.1350986E7,NA,3177971.0,473027.0,102794.0,53074.0,40141.0,57992.0,84235.0,195508.0,60836.0,719395.0,8912664.0,1560099.0,1474330.0,1.0648136E7,1367415.0,6437267.0,2576076.0,8931364.0,5471943.0,5657342.0,8477204.0,273.0 274.0 275.0 276.0 277.0 278.0 279.0 
Citric acid 277_(4TMS)_MP_RI:1814_IDENT:B+D,4012686.0,3193681.0,2083283.0,2071927.0,8007418.0,NA,5308983.0,4441158.0,6671182.0,2207651.0,2124610.0,8695416.0,1.0182245E7,1.1350986E7,NA,3177971.0,473027.0,102794.0,53074.0,40141.0,57992.0,84235.0,195508.0,60836.0,719395.0,8912664.0,1560099.0,1474330.0,1.0648136E7,1367415.0,6437267.0,2576076.0,8931364.0,5471943.0,5657342.0,8477204.0,273.0 274.0 275.0 276.0 277.0 278.0 279.0 
Citric acid 278_(4TMS)_MP_RI:1814_IDENT:B+D,4012686.0,3193681.0,2083283.0,2071927.0,8007418.0,NA,5308983.0,4441158.0,6671182.0,2207651.0,2124610.0,8695416.0,1.0182245E7,1.1350986E7,NA,3177971.0,473027.0,102794.0,53074.0,40141.0,57992.0,84235.0,195508.0,60836.0,719395.0,8912664.0,1560099.0,1474330.0,1.0648136E7,1367415.0,6437267.0,2576076.0,8931364.0,5471943.0,5657342.0,8477204.0,273.0 274.0 275.0 276.0 277.0 278.0 279.0 
Citric acid 377_(4TMS)_MP_RI:1814_IDENT:B+D,4012686.0,3193681.0,2083283.0,2071927.0,8007418.0,NA,5308983.0,4441158.0,6671182.0,2207651.0,2124610.0,8695416.0,1.0182245E7,1.1350986E7,NA,3177971.0,473027.0,102794.0,53074.0,40141.0,57992.0,84235.0,195508.0,60836.0,719395.0,8912664.0,1560099.0,1474330.0,1.0648136E7,1367415.0,6437267.0,2576076.0,8931364.0,5471943.0,5657342.0,8477204.0,273.0 274.0 275.0 276.0 277.0 278.0 279.0 
Citric acid 378_(4TMS)_MP_RI:1814_IDENT:B+D,4012686.0,3193681.0,2083283.0,2071927.0,8007418.0,NA,5308983.0,4441158.0,6671182.0,2207651.0,2124610.0,8695416.0,1.0182245E7,1.1350986E7,NA,3177971.0,473027.0,102794.0,53074.0,40141.0,57992.0,84235.0,195508.0,60836.0,719395.0,8912664.0,1560099.0,1474330.0,1.0648136E7,1367415.0,6437267.0,2576076.0,8931364.0,5471943.0,5657342.0,8477204.0,273.0 274.0 275.0 276.0 277.0 278.0 279.0 
Citric acid 379_(4TMS)_MP_RI:1814_IDENT:B+D,4012686.0,3193681.0,2083283.0,2071927.0,8007418.0,NA,5308983.0,4441158.0,6671182.0,2207651.0,2124610.0,8695416.0,1.0182245E7,1.1350986E7,NA,3177971.0,473027.0,102794.0,53074.0,40141.0,57992.0,84235.0,195508.0,60836.0,719395.0,8912664.0,1560099.0,1474330.0,1.0648136E7,1367415.0,6437267.0,2576076.0,8931364.0,5471943.0,5657342.0,8477204.0,273.0 274.0 275.0 276.0 277.0 278.0 279.0 
Citric acid 380_(4TMS)_MP_RI:1814_IDENT:B+D,4012686.0,3193681.0,2083283.0,2071927.0,8007418.0,NA,5308983.0,4441158.0,6671182.0,2207651.0,2124610.0,8695416.0,1.0182245E7,1.1350986E7,NA,3177971.0,473027.0,102794.0,53074.0,40141.0,57992.0,84235.0,195508.0,60836.0,719395.0,8912664.0,1560099.0,1474330.0,1.0648136E7,1367415.0,6437267.0,2576076.0,8931364.0,5471943.0,5657342.0,8477204.0,273.0 274.0 275.0 276.0 277.0 278.0 279.0 
Citric acid 381_(4TMS)_MP_RI:1814_IDENT:B+D,4012686.0,3193681.0,2083283.0,2071927.0,8007418.0,NA,5308983.0,4441158.0,6671182.0,2207651.0,2124610.0,8695416.0,1.0182245E7,1.1350986E7,NA,3177971.0,473027.0,102794.0,53074.0,40141.0,57992.0,84235.0,195508.0,60836.0,719395.0,8912664.0,1560099.0,1474330.0,1.0648136E7,1367415.0,6437267.0,2576076.0,8931364.0,5471943.0,5657342.0,8477204.0,273.0 274.0 275.0 276.0 277.0 278.0 279.0 
